{"M": [[-0.4842127070004912, -0.015694769614661853, 674.096749115122], [0.010503124094055013, -0.23712822473885697, 264.87869049428417], [-1.6704029098129073e-06, 1.8679027895796047e-05, 1.0]], "maxWidth": 279, "maxHeight": 197}