{"M": [[0.9975279708129929, 0.012164975253816702, -831.6342032766906], [-0.008427637744308875, 0.9944612538284457, -49.66406922721211], [1.0954115942540167e-07, -6.455323399762343e-06, 1.0]], "maxWidth": 472, "maxHeight": 328}